ATV- och MC-teknik,Reparation av motorcyklar och ATV,ATVREP0
Administration,Administration 1,ADMADM01
Administration,Administration 2,ADMADM02
Administration,Administration – specialisering,ADMADM00S
Administration,Personaladministration,ADMPER0
Administration,Receptions- och konferensservice,ADMREC0
Affärskommunikation,Affärskommunikation,AFFAFÄ00S
Animation,Animation 1,ANIANI01
Animation,Animation 2,ANIANI02
Animation,Animation – specialisering,ANIANI00S
Anläggning,Anläggning 1,ANLANL01
Anläggning,Anläggning 2,ANLANL02
Anläggning,Anläggning – gröna ytor,ANLANL0
Anläggning,Anläggning – ledningsbyggnad,ANLANÄ0
Anläggning,Anläggning – stensättning,ANLANG0
Anläggning,Anläggning – vägbyggnad,ANLANN0
Anläggning,Anläggningsprocessen,ANLANS0
Anläggningsförare,Anläggningsförare 1,ANAANA01
Anläggningsförare,Anläggningsförare 2,ANAANA02
Anläggningsförare,Anläggningsförare 3,ANAANA03
Anläggningsförare,Anläggningsförare 4,ANAANA04
Anläggningsförare,Anläggningsförare – process,ANAANL0
Arkitektur,Arkitektur – hus,ARKARK0
Arkitektur,Arkitektur – rum,ARKARI0
Automationsteknik,Allmän automationsteknik,AUTALL0
Automationsteknik,Avhjälpande och förebyggande underhåll,AUTAVH0
Automationsteknik,Elmotordrivsystem,AUTELD0
Automationsteknik,Fastighetsautomation 1,AUTFAS01
Automationsteknik,Fastighetsautomation 2,AUTFAS02
Automationsteknik,Industriautomation,AUTIND0
Automationsteknik,Robotteknik,AUTROB0
Bageri- och konditorikunskap,Bageri 1,BAGBAG01
Bageri- och konditorikunskap,Bageri 2,BAGBAG02
Bageri- och konditorikunskap,Bageri 3,BAGBAG03
Bageri- och konditorikunskap,Bageri 4,BAGBAG04
Bageri- och konditorikunskap,Bageri – specialisering,BAGBAG00S
Bageri- och konditorikunskap,Choklad och konfektyr,BAGCHO0
Bageri- och konditorikunskap,Konditori 1,BAGKON01
Bageri- och konditorikunskap,Konditori 2,BAGKON02
Bageri- och konditorikunskap,Konditori 3,BAGKON03
Bageri- och konditorikunskap,Konditori 4,BAGKON04
Bageri- och konditorikunskap,Konditori – specialisering,BAGKON00S
Beläggning,Beläggning,BELBEL0
Beläggning,Beläggningsarbeten,BELBEÄ0
Beläggning,Beläggningsmaskiner,BELBEG0
Berghantering,Bergarbeten,BERBER0
Berghantering,Bergborrning,BERBEB0
Berghantering,Bergmaskiner,BERBEM0
Berghantering,Bergsprängning,BERBEP0
Betong,Betong 1 – lågform och platta på mark,BETBET01
Betong,Betong 2 – väggar och pelare,BETBET02
Betong,Betong 3 – bärlag,BETBET03
Betong,Betong 4 – golv,BETBET04
Bild,Bild,BILBIL0
Bild,Bild och form 1a1,BILBIL01a1
Bild,Bild och form 1a2,BILBIL01a2
Bild,Bild och form 1b,BILBIL01b
Bild,Bild och form – specialisering,BILBIL00S
Bild,Form,BILFOM0
Bildteori,Bildteori,BIDBIT0
Biodling,Biodling,BINBIO0
Biologi,Biologi 1,BIOBIO01
Biologi,Biologi 2,BIOBIO02
Biologi,Bioteknik,BIOBIT0
Biologi i vattenmiljöer,Biologi i vattenmiljöer 1,BIIVAT01
Biologi i vattenmiljöer,Biologi i vattenmiljöer 2,BIIVAT02
Biologi i vattenmiljöer,Biologi i vattenmiljöer 3,BIIVAT03
Biologi – naturbruk,Bevarandebiologi,BIGBEA0
Biologi – naturbruk,Biologi – naturbruk – specialisering,BIGBIG00S
Biologi – naturbruk,Djurens biologi,BIGDJE0
Biologi – naturbruk,Marken och växternas biologi,BIGMAN0
"Brand, bevakning och säkerhet",Akut omhändertagande,BEVAKU0
"Brand, bevakning och säkerhet",Bevakning och säkerhet,BEVBEV0
"Brand, bevakning och säkerhet",Brand och räddning,BEVBRA0
"Brand, bevakning och säkerhet",Vardagsolyckor,BEVVAR0
Bygg och anläggning,Bygg och anläggning 1,BYGBYG01
Bygg och anläggning,Bygg och anläggning 2,BYGBYG02
Byggproduktionsledning,Grundläggande mätningsteknik,BYLGRN0
Byggproduktionsledning,Planering före byggstart,BYLPLA0
Byggproduktionsledning,Produktionsstyrning i byggskedet,BYLPRO0
Båtkunskap,Kustnavigation och säkerhet,BATKUS0
Båtkunskap,Skärgårdsnavigation,BATSKA0
Cad,Cad 1,CADCAD01
Cad,Cad 2,CADCAD02
Cad,Cad 3,CADCAD03
Cirkus,Akrobatik,CIRAKR00S
Cirkus,Cirkus 1,CIRCIR01S
Cirkus,Cirkus 2,CIRCIR02S
Dansgestaltning,Dansgestaltning 1,DANDAN01
Dansgestaltning,Dansgestaltning 2,DANDAN02
Dansgestaltning,Dansimprovisation,DANDAS0
Dansgestaltning,Dansimprovisation och komposition,DANDAI0
Dansgestaltning,Koreografi,DANKOO0
Dansgestaltning,Repertoar,DANREE0
Dansgestaltning för yrkesdansare,Dansimprovisation och komposition för yrkesdansare,DAGDAN0
Dansgestaltning för yrkesdansare,Pas de deux/partnering,DAGPAS0
Dansgestaltning för yrkesdansare,Repertoar för yrkesdansare,DAGREP0
Dansgestaltning för yrkesdansare,Scenisk verksamhet för yrkesdansare,DAGSCE0
Dansorientering,Dansorientering,DASDAO0
Dansteknik,Dansteknik 1,DATDAS01S
Dansteknik,Dansteknik 2,DATDAS02S
Dansteknik,Dansteknik 3,DATDAS03S
Dansteknik,Dansteknik 4,DATDAS04S
Dansteknik,Dansteknik – specialisering,DATDAN00S
Dansteknik,Dansträning,DATDAR0
Dansteknik för yrkesdansare,Dansteknik – breddning,DAKDAN0
Dansteknik för yrkesdansare,Dansträning för yrkesdansare,DAKDAS0
Dansteknik för yrkesdansare,Klassisk balett 1,DAKKLA01
Dansteknik för yrkesdansare,Klassisk balett 2,DAKKLA02
Dansteknik för yrkesdansare,Klassisk balett 3,DAKKLA03
Dansteknik för yrkesdansare,Modern nutida dans 1,DAKMOD01
Dansteknik för yrkesdansare,Modern nutida dans 2,DAKMOD02
Dansteknik för yrkesdansare,Modern nutida dans 3,DAKMOD03
Dansteori,Dansteori,DAEDAT0
Datalagring,Datalagring,DALDAT0
Dator- och kommunikationsteknik,Dator- och nätverksteknik,DAODAC0
Dator- och kommunikationsteknik,Datorsamordning och support,DAODAT0
Dator- och kommunikationsteknik,Datorteknik 1a,DAODAT01a
Dator- och kommunikationsteknik,Datorteknik 1b,DAODAT01b
Dator- och kommunikationsteknik,Digital kommunikationsteknik,DAODIG0
Dator- och kommunikationsteknik,Industriell informationsteknik,DAOINU0
Dator- och kommunikationsteknik,Multimediasystem,DAOMUL0
Datorstyrd produktion,Cad/cam,DARCAD0
Datorstyrd produktion,Datorstyrd produktion 1,DARDAT01S
Datorstyrd produktion,Datorstyrd produktion 2,DARDAT02
Datorstyrd produktion,Datorstyrd produktion 3,DARDAT03
Datorstyrd produktion,Datorstyrd produktion 4,DARDAT04
Datorstyrd produktion,Datorstyrd produktion 5,DARDAT05
Datorstyrd produktion,Datorstyrd produktion 6,DARDAT06
Design,Design 1,DESDES01
Design,Design 2,DESDES02
Design,Designmodeller,DESDES0
Digitalt skapande,Digitalt skapande 1,DIGDIG01
Digitalt skapande,Digitalt skapande 2,DIGDIG02
Djur,Djur i zoohandel,DJUDJI0
Djur,Djur – specialisering,DJUDJU00S
Djur,Djuren i naturbruket,DJUDJR0
Djur,Djurhållning,DJUDJH0
Djur,Sällskapsdjur 1,DJUSÄL01
Djur,Sällskapsdjur 2,DJUSÄL02
Djurvård inom djurens hälso- och sjukvård,Djurvård inom djurens hälso- och sjukvård 1,DJRDJU01
Djurvård inom djurens hälso- och sjukvård,Djurvård inom djurens hälso- och sjukvård 2,DJRDJU02
Driftsäkerhet och underhåll,Avhjälpande underhåll 1,DRIAVH01
Driftsäkerhet och underhåll,Avhjälpande underhåll 2,DRIAVH02
Driftsäkerhet och underhåll,Underhåll – driftsäkerhet,DRIUND0
Driftsäkerhet och underhåll,Underhåll – elteknik,DRIUNE0
Driftsäkerhet och underhåll,Underhåll – hydraulik,DRIUNR0
Driftsäkerhet och underhåll,Underhåll – hydraulik och pneumatik,DRIUNH0
Driftsäkerhet och underhåll,Underhåll – lager och smörjteknik,DRIUNÅ0
Driftsäkerhet och underhåll,Underhåll – mekatronik,DRIUNL0
Driftsäkerhet och underhåll,Underhåll – pneumatik,DRIUNP0
Driftsäkerhet och underhåll,Underhåll – produktionsmekanik,DRIUNO0
Driftsäkerhet och underhåll,Underhåll – pumpteknik,DRIUNU0
Driftsäkerhet och underhåll,Underhåll – transmissioner och uppriktning,DRIUNT0
Driftsäkerhet och underhåll,Underhåll – vibrationsteknik,DRIUNV0
Dryckeskunskap,Barteknik,DRYBAT0
Dryckeskunskap,Drycker,DRYDRY0
Dryckeskunskap,Drycker och ansvarsfull alkoholservering,DRYDRC0
Dryckeskunskap,Drycker – specialisering,DRYDRY00S
Däckstjänst,Däckstjänst 1,DACDAC01
Däckstjänst,Däckstjänst 2,DACDAC02
Däckstjänst,Fartygsbefäl,DACFAR0
Däckstjänst,Radiokommunikation till sjöss,DACRAD0
El- och verkstadsteknik,El- och verkstadsteknik,VERVER0
Eldistributionsteknik,Belysningsnät,ELDBEY0
Eldistributionsteknik,Högspänningsnät,ELDHÖG0
Eldistributionsteknik,Lågspänningsnät,ELDLÅS0
Eldistributionsteknik,Nät- och transformatorstationer,ELDNÄT0
Eldistributionsteknik,Nätunderhållsarbete i stadsnät,ELDNÄU0
Eldistributionsteknik,Nätunderhållsarbete i vindkraftnät,ELDNÄN0
Eldistributionsteknik,"Nätunderhållsarbete på luftledningsnät 0,4–24kV",ELDNÄD0
Elektronik,Elektronik och mikrodatorteknik,ELEELR0
Elektronik,Låg- och högfrekvenskretsar,ELELÅG0
Elektronik,Mikrodatortillämpningar,ELEMIK0
Elektronikproduktion,Elektronikproduktionsteknik,ELKELO0
Elektronikproduktion,Provning och kontrollarbete,ELKPRV0
Elektroniksystem,Bild- och ljudanläggningar,ELTBID0
Elektroniksystem,Kontorstekniksystem,ELTKOT0
Elektroniksystem,Marina elektroniksystem,ELTMAR0
Elektroniksystem,Trådlösa radiosystem,ELTTRL0
Elektroteknik,Antenn- och kabel-TV-teknik,ELRANT0
Elektroteknik,Data- och medianät,ELRDAA0
Elektroteknik,Elektromekanik,ELRELK0
Elektroteknik,Elkraftteknik,ELRELF0
Elementmontering,Elementmontering,ELMELM0
Ellära,Ellära 1,ELLELL01
Ellära,Ellära 2,ELLELL02
Ellära,Praktisk ellära,ELLPRA0
Elmätteknik,Elmätteknik 1,ELÄELM01
Elmätteknik,Elmätteknik 2,ELÄELM02
Elprojektering,Installationer,ELPINS0
Elprojektering,Projektering,ELPPRO0
Energiteknik,Energiteknik 1,ENEENE01
Energiteknik,Energiteknik 2,ENEENE02
Energiteknik,Förnybar energi,ENEFÖR0
Energiteknik,Vatten- och processkemi,ENEVAE0
Engelska,Engelska 5,ENGENG05
Engelska,Engelska 6,ENGENG06
Engelska,Engelska 7,ENGENG07
Engelska för döva,Engelska för döva 5,ENLENE05
Engelska för döva,Engelska för döva 6,ENLENE06
Engelska för döva,Engelska för döva 7,ENLENE07
Entreprenörskap,Entreprenörskap,ENTENR0
Estetisk kommunikation,Estetisk kommunikation 1,ESTEST01
Estetisk kommunikation,Estetisk kommunikation 2,ESTEST02
Estetisk kommunikation,Estetisk kommunikation 3,ESTEST03
Eurytmi,Eurytmi 1,EUREUR01
Eurytmi,Eurytmi 2,EUREUR02
Eurytmi,Eurytmi 3,EUREUR03
Eurytmi,Eurytmi 4,EUREUR04
Eventteknik,Eventteknik,EVEEVN0
Eventteknik,Ljudproduktionsteknik,EVELJD0
Eventteknik,Ljus- och bildproduktionsteknik,EVELJS0
Fartygsteknik,Lasthantering och passagerarsäkerhet,FARLAS0
Fartygsteknik,Skeppsteknik,FARSKE0
Fastighetsförvaltning,Fastighetsförvaltning,FAFFAS0
Fastighetsförvaltning,Fastighetskommunikation,FAFFAT0
Fastighetsförvaltning,Informationsteknik i fastighetsförvaltning,FAFINF0
Fastighetsservice,Fastighetsservice – VVS,FASFAE0
Fastighetsservice,Fastighetsservice – byggnader,FASFAS0
Fastighetsservice,Fastighetsservice – elarbeten,FASFAH0
Fastighetsservice,Fastighetsservice – ytor,FASFAV0
Film- och tv-produktion,Film- och tv-produktion 1,FILFIL01
Film- och tv-produktion,Film- och tv-produktion 2,FILFIL02
Film- och tv-produktion,Filmproduktion,FILFIL0
Film- och tv-produktion,Manus för film och tv,FILMAN0
Film- och tv-produktion,Tv-produktion,FILTVP0
Filosofi,Filosofi 1,FIOFIO01
Filosofi,Filosofi 2,FIOFIO02
Fiske,Fiske 1,FISFIS01
Fiske,Fiske 2,FISFIS02
Fiske,Fiske 3,FISFIS03
Fiskevård,Fiskevård 1,FIKFIS01
Fiskevård,Fiskevård 2,FIKFIS02
Fiskevård,Fiskevård 3,FIKFIS03
Flygplatsteknik,Flygplatsen,FLGFLY0
Flygplatsteknik,Fälthållning,FLGFAL0
Flygyrkesteknik,Aerodynamik,FLYAER0
Flygyrkesteknik,Digitalteknik och flyginstrument,FLYDII0
Flygyrkesteknik,Elektronik – flyg,FLYELT0
Flygyrkesteknik,Ellära – flyg,FLYELL0
Flygyrkesteknik,Flyglagstiftning,FLYFLY0
Flygyrkesteknik,Flygplanslära,FLYFLG0
Flygyrkesteknik,Gasturbinmotorer,FLYGAT0
Flygyrkesteknik,Helikopterlära,FLYHEL0
Flygyrkesteknik,Kolvmotor,FLYKOL0
Flygyrkesteknik,Materiallära – flyg,FLYMAA0
Flygyrkesteknik,Mänskliga faktorer,FLYMAS0
Flygyrkesteknik,Underhållsteknik – flyg,FLYUNS0
Fordons- och transportbranschen,Fordons- och transportbranschens villkor och arbetsområden,FORFOD0
Fordonsteknik,Fordonsteknik – introduktion,FODFOO0
Fordonstestteknik,Fordonstestteknik,FOOFOR0
Fordonstestteknik,Miljöer och utrustning för fordonstest,FOOMIL0
Formgivning,Fackteckning och design,FOMFAC0
Formgivning,Formgivning 1,FOMFOR01S
Formgivning,Formgivning 2,FOMFOR02S
Formgivning,Formgivning 3,FOMFOR03S
Formgivning,Textil färg och form,FOMTEX0
Fotografisk bild,Fotografisk bild 1,FOTFOT01
Fotografisk bild,Fotografisk bild 2,FOTFOT02
Fotografisk bild,Fotografisk bild 3,FOTFOT03
Fotografisk bild,Fotografisk bild 4,FOTFOT04
Fritids- och friskvårdsverksamheter,Bad- och friskvårdsanläggningar,FRIBAD0
Fritids- och friskvårdsverksamheter,Drift och underhåll av fritidsanläggningar,FRIDRF0
Fritids- och friskvårdsverksamheter,Fritids- och friskvårdsverksamheter,FRIFRT0
Fritids- och friskvårdsverksamheter,Fritidsmiljöer och arenor,FRIFRS0
Fritids- och idrottskunskap,Fritids- och idrottskunskap,FRTFRD0
Fritidsbåtteknik,Båthantering och underhåll,FRDBAT0
Fritidsbåtteknik,Båtsystem,FRDBAS0
Fritidsbåtteknik,Konstruktion och reparation 1,FRDKON01
Fritidsbåtteknik,Konstruktion och reparation 2,FRDKON02
Fritidsbåtteknik,Plast- och lamineringsteknik,FRDPLA0
Fysik,Fysik 1a,FYSFYS01a
Fysik,Fysik 1b1,FYSFYS01b1
Fysik,Fysik 1b2,FYSFYS01b2
Fysik,Fysik 2,FYSFYS02
Fysik,Fysik 3,FYSFYS03
Företagsekonomi,Entreprenörskap och företagande,FÖRENT0
Företagsekonomi,Företagsekonomi 1,FÖRFÖR01
Företagsekonomi,Företagsekonomi 2,FÖRFÖR02
Företagsekonomi,Företagsekonomi – specialisering,FÖRFÖR00S
Företagsekonomi,Marknadsföring,FÖRMAD0
Företagsekonomi,Redovisning 1,FÖRRED01
Företagsekonomi,Redovisning 2,FÖRRED02
Försäljning och kundservice,Personlig försäljning 1,FÖSPER01
Försäljning och kundservice,Personlig försäljning 2,FÖSPER02
Försäljning och kundservice,Personlig försäljning 3,FÖSPER03
Försäljning och kundservice,Servicekunskap,FÖSSEV0
Försäljning och kundservice,Telefon- och internetservice,FÖSTEL0
Geografi,Geografi 1,GEOGEO01
Geografi,Geografi 2,GEOGEO02
Geografi,Geografiska informationssystem,GEOGEO0
Gerontologi och geriatrik,Vård och omsorg vid demenssjukdom,GERVÅR0
Gerontologi och geriatrik,Äldres hälsa och livskvalitet,GERÄLD0
Godshantering,Godshantering – vux,GODGOD1
Godshantering,Hantering av varor och gods,GODHAT0
Godshantering,Lastbärare,GODLAS0
Godshantering,Maskinell godshantering,GODMAL0
Godshantering,Tunga arbetsmaskiner,GODTUN0
Godstransporter,Godstrafik,GOSGOD0
Godstransporter,Godstransporter – specialisering,GOSGOD00S
Godstransporter,Lastbilsmonterad kran,GOSLAL0
Golvläggning,Golvläggning 1,GOLGOL01
Golvläggning,Golvläggning 2 – våtrum,GOLGOL02
Golvläggning,Golvläggning 3 – trä och laminat,GOLGOL03
Grafisk kommunikation,Grafisk illustration,GRAGRI0
Grafisk kommunikation,Grafisk illustration i pixelgrafik,GRAGRP0
Grafisk kommunikation,Grafisk illustration i vektorgrafik,GRAGRV0
Grafisk kommunikation,Grafisk kommunikation 1,GRAGRA01
Grafisk kommunikation,Grafisk kommunikation 2,GRAGRA02
Grafisk kommunikation,Grafiska arbetsflöden och analysmodeller,GRAGRA0
Grafisk kommunikation,"Original, reproduktion och prepress",GRAGRR0
Grafisk produktion,Grafisk produktion 1,GRFGRF01
Grafisk produktion,Grafisk produktion 2,GRFGRF02
Grafisk produktion,Grafisk produktion 3,GRFGRF03
Grafisk produktion,Grafisk produktion 4,GRFGRF04
Grundläggande vård och omsorg,Grundläggande vård och omsorg,GRUGRD0
Gränssnittsdesign,Gränssnitt 3D,GRÄGRN0
Gränssnittsdesign,Gränssnittsdesign,GRÄGRÄ0
Gymnasieingenjören i praktiken,Gymnasieingenjören i praktiken,GYMGYM0
Handel,Affärsutveckling och ledarskap,HANAFR0
Handel,Branschkunskap inom handel och administration,HANBRS0
Handel,Handel – specialisering,HANHAN00S
Handel,Praktisk marknadsföring 1,HANPRA01
Handel,Praktisk marknadsföring 2,HANPRA02
Handel,Praktisk marknadsföring 3,HANPRA03
Hantverk,Finsnickeri 1,HAVFIN01
Hantverk,Finsnickeri 2,HAVFIN02
Hantverk,Finsnickeri 3,HAVFIN03
Hantverk,Finsnickeri 4,HAVFIN04
Hantverk,Finsnickeri 4 – specialisering,HAVFIN04S
Hantverk,Finsnickeri 5,HAVFIN05
Hantverk,Finsnickeri 5 – specialisering,HAVFIN05S
Hantverk,Finsnickeri 6a,HAVFIN06a
Hantverk,Finsnickeri 6b,HAVFIN06b
Hantverk,Florist 1,HAVFLO01
Hantverk,Florist 2,HAVFLO02
Hantverk,Florist 3,HAVFLO03
Hantverk,Florist 4,HAVFLO04
Hantverk,Florist 4 – specialisering,HAVFLO04S
Hantverk,Florist 5,HAVFLO05
Hantverk,Florist 5 – specialisering,HAVFLO05S
Hantverk,Florist 6a,HAVFLO06a
Hantverk,Florist 6b,HAVFLO06b
Hantverk,Frisör 1,HAVFRI01
Hantverk,Frisör 2,HAVFRI02
Hantverk,Frisör 3,HAVFRI03
Hantverk,Frisör 4,HAVFRI04
Hantverk,Frisör 4 – specialisering,HAVFRI04S
Hantverk,Frisör 5,HAVFRI05
Hantverk,Frisör 5 – specialisering,HAVFRI05S
Hantverk,Frisör 6a,HAVFRI06a
Hantverk,Frisör 6b,HAVFRI06b
Hantverk,Hantverk – introduktion,HAVHAV0
Hantverk,Hantverksteknik 1,HAVHNT01
Hantverk,Hantverksteknik 2,HAVHNT02
Hantverk,Hantverksteknik 3,HAVHNT03
Hantverk,Hantverksteknik 4,HAVHNT04
Hantverk,Hantverksteknik 4 – specialisering,HAVHNT04S
Hantverk,Hantverksteknik 5,HAVHNT05
Hantverk,Hantverksteknik 5 – specialisering,HAVHNT05S
Hantverk,Hantverksteknik 6a,HAVHNT06a
Hantverk,Hantverksteknik 6b,HAVHNT06b
Hantverk,Textil design 1,HAVTEX01
Hantverk,Textil design 2,HAVTEX02
Hantverk,Textil design 3,HAVTEX03
Hantverk,Textil design 4,HAVTEX04
Hantverk,Textil design 4 – specialisering,HAVTEX04S
Hantverk,Textil design 5,HAVTEX05
Hantverk,Textil design 5 – specialisering,HAVTEX05S
Hantverk,Textil design 6a,HAVTEX06a
Hantverk,Textil design 6b,HAVTEX06b
Hantverkskunskap,Material,HVKMAT0
Hantverkskunskap,Material och miljö,HVKMAE0
Hantverkskunskap,Miljö,HVKMIL0
Hantverkskunskap,Tradition och utveckling,HVKTRA0
Hippologi,Hippologi – anatomi och fysiologi,HIOHIP0
Hippologi,Hippologi – avel och hästens hälsa,HIOHIO0
Hippologi,Hippologi – etologi,HIOHIL0
Historia,Historia 1a1,HISHIS01a1
Historia,Historia 1a2,HISHIS01a2
Historia,Historia 1b,HISHIS01b
Historia,Historia 2a,HISHIS02a
Historia,Historia 2b – kultur,HISHIS02b
Historia,Historia 3,HISHIS03
Hjulutrustningsteknik,Hjulutrustning,HJUHJU0
Hjulutrustningsteknik,Hjulutrustning – specialisering,HJUHJT00S
Hotell,Frukost och bufféservering,HOTFRU0
Hotell,Hotelladministration,HOTHOT0
Hotell,Logi,HOTLOG0
Hotell,Reception 1,HOTREC01
Hotell,Reception 2,HOTREC02
Hotell,Reception 3,HOTREC03
Hotell,Våningsservice 1,HOTVÅN01
Hotell,Våningsservice 2,HOTVÅN02
Hotell,Våningsservice 3,HOTVÅN03
Humanistisk och samhällsvetenskaplig specialisering,Humanistisk och samhällsvetenskaplig specialisering,HUMHUM00S
Humanistisk och samhällsvetenskaplig spets inom försöksverksamhet med riksrekryterande gymnasial spetsutbildning,Humanistisk och samhällsvetenskaplig spets,HUAHUM00S
Hundkunskap,Hundkunskap 1,HUNHUN01
Hundkunskap,Hundkunskap 2,HUNHUN02
Hundkunskap,Hundkunskap 3,HUNHUN03
Hundkunskap,Träning av hund,HUNTRN0
Husbyggnad,Husbyggnad 1,HUSHUS01
Husbyggnad,Husbyggnad 2,HUSHUS02
Husbyggnad,Husbyggnad 3 – ombyggnad,HUSHUS03
Husbyggnad,Husbyggnadsprocessen,HUSHUB0
Husbyggnad – specialyrken,Specialyrken 1,HUBSPC01S
Husbyggnad – specialyrken,Specialyrken 2,HUBSPC02S
Husbyggnad – specialyrken,Specialyrken 3,HUBSPC03S
Hygienkunskap,Hygien,HYGHYG0
Hälsa,Barnhälsovård,HÄLBAN0
Hälsa,Ergonomi,HALERG0
Hälsa,Ergonomi,HÄLERG0
Hälsa,Friskvård och hälsa,HÄLFRI0
Hälsa,Hälsopedagogik,HALHAL0
Hälsa,Hälsopedagogik,HÄLHÄL0
Hälsa,Komplementärmedicin,HÄLKOM0
Hälsa,Kost och hälsa,HALKOC0
Hälsa,Kost och hälsa,HÄLKOC0
Hälsa,"Kost, måltid och munhälsa",HÄLKOS0
Hälsa,Mental träning,HALMEN0
Hälsa,Mental träning,HÄLMEN0
Hälsovård,Barnhälsovård,HAABAR0
Hälsovård,Friskvård och hälsa,HAAFRI0
Hälsovård,Komplementärmedicin,HAAKOM0
Hälsovård,"Kost, måltid och munhälsa",HAAKOS0
Hästkunskap,Den unga hästens utveckling 1a,HÄTDEN01a
Hästkunskap,Den unga hästens utveckling 1b,HÄTDEN01b
Hästkunskap,Den unga hästens utveckling 2,HÄTDEN02
Hästkunskap,Hästkunskap 1,HÄTHÄS01
Hästkunskap,Hästkunskap 2,HÄTHÄS02
Hästkunskap,Hästkunskap 3,HÄTHÄS03
Hållbart samhälle,Hållbart samhällsbyggande,HÅLHÅB0
Hållbart samhälle,Miljö- och energikunskap,HÅLMIJ0
Hållbart samhälle,Politik och hållbar utveckling,HÅLPOL0
Idrott och hälsa,Idrott och hälsa 1,IDRIDR01
Idrott och hälsa,Idrott och hälsa 1 – specialisering,IDRIDO01
Idrott och hälsa,Idrott och hälsa 2,IDRIDR02
Idrott och hälsa,Idrott och hälsa 2 – specialisering,IDRIDO02
Industrirörteknik,Industrirörteknik 1,INDIND01
Industrirörteknik,Industrirörteknik 2,INDIND02
Industrirörteknik,Industrirörteknik 3,INDIND03
Industriteknisk fördjupning,Industriteknisk fördjupning 1,PRFPRF01
Industriteknisk fördjupning,Industriteknisk fördjupning 2,PRFPRF02
Industritekniska processer,Industritekniska processer 1,INUINU01
Industritekniska processer,Industritekniska processer 2,INUINU02
Industritekniska processer,Industritekniska processer 3,INUINU03
Industritekniska processer,Industritekniska processer 4,INUINU04
Industritekniska processer,Laboratorieteknik,INULAB0
Information och kommunikation,Information och kommunikation 1,INFINF01
Information och kommunikation,Information och kommunikation 2,INFINF02
Information och kommunikation,Intern och extern kommunikation,INFINE0
Information och kommunikation,Programhantering,INFPRG0
Informationsteknisk arkitektur och infrastruktur,Datakommunikation och informationssäkerhet,INODAT0
Informationsteknisk arkitektur och infrastruktur,Informationsteknisk arkitektur,INOINF0
Informationsteknisk arkitektur och infrastruktur,Nätverks- och kommunikationstjänster,INONAT0
Inköp och logistik,Inköp 1,INKINK01
Inköp och logistik,Inköp 2,INKINK02
Inköp och logistik,Logistik 1,INKLOG01
Inköp och logistik,Logistik 2,INKLOG02
Inköp och logistik,Transport och spedition,INKTRP0
Installationsteknik,Belysningsteknik,INSBES0
Installationsteknik,Elinstallationer,INSELI0
Installationsteknik,Elmotorstyrning,INSELS0
Installationsteknik,Kommunikationsnät 1,INSKOM01
Installationsteknik,Kommunikationsnät 2,INSKOM02
Installationsteknik,Kommunikationsnät 3,INSKOM03
Installationsteknik VVS,Sanitet och tappvatten,INTSAN0
Installationsteknik VVS,Ventilation och komfortkyla,INTVET0
Installationsteknik VVS,Värme- och kylsystem,INTVÄR0
It i vård och omsorg,It i vård och omsorg,ITIITI0
Juridik,Affärsjuridik,JURAFF0
Juridik,Privatjuridik,JURPRI0
Juridik,Rätten och samhället,JURRÄT0
Järnvägsbyggnad,Järnvägsbyggnad 1,JÄRJÄR01
Järnvägsbyggnad,Järnvägsbyggnad 2,JÄRJÄR02
Järnvägsbyggnad,Järnvägsbyggnad 3,JÄRJÄR03
Järnvägsteknik,Allmän järnvägsteknik,JÄNALM0
Järnvägsteknik,Elteknik,JÄNELN0
Järnvägsteknik,Signalteknik,JÄNSIG0
Karosseriteknik,Karosserikonstruktioner och inredning,KARKAR0
Karosseriteknik,Riktbänkssystem,KARRIK0
Karosseriteknik,Riktningsteknik – introduktion,KARRIT0
Karosseriteknik,Skadebesiktning och produktionsflöde,KARSKA0
Karosseriteknik,Skarvnings- och sammanfogningsteknik,KARSKR0
Kemi,Kemi 1,KEMKEM01
Kemi,Kemi 2,KEMKEM02
Klassisk grekiska – språk och kultur,Klassisk grekiska – språk och kultur 1,KLAKLA01
Klassisk grekiska – språk och kultur,Klassisk grekiska – språk och kultur 2,KLAKLA02
Konferens och evenemang,Evenemang,KONEVE0
Konferens och evenemang,Konferens 1,KONKOF01
Konferens och evenemang,Konferens 2,KONKON02
Konferens och evenemang,Konferens 3,KONKON03
Konferens och evenemang,Konferens och evenemang,KONKOF0
Konferens och evenemang,Rums- och konferensbokning,KONRUM0
Konst och kultur,Film- och tv-kunskap,KOSFIL0
Konst och kultur,Konstarterna och samhället,KOSKOS0
Konst och kultur,Kultur- och idéhistoria,KOSKUL0
Konst och kultur,Samtida kulturuttryck,KOSSAT0
Konsthantverk,Konsthantverk 1,KOHHAN01
Konsthantverk,Konsthantverk 2,KOHHAN02
Konsthantverk,Konsthantverk 3,KOHHAN03
Konsthantverk,Konsthantverk 4,KOHHAN04
Konsthantverk,Konsthantverk 5,KOHHAN05
Konstruktion,Konstruktion 1,KOTKOS01
Konstruktion,Konstruktion 2,KOTKOS02
Konstruktion,Konstruktion 3,KOTKOS03
Kraft- och värmeteknik,Kraft- och värmeteknik 1,KRAKRA01
Kraft- och värmeteknik,Kraft- och värmeteknik 2,KRAKRA02
Kraft- och värmeteknik,Reservkraft,KRARER0
Kyl- och värmepumpsteknik,Kyl- och värmepumpsteknik – energieffektivisering,KYLKYL0
Kyl- och värmepumpsteknik,Kyl- och värmepumpsteknik – grund,KYLKYO0
Kyl- och värmepumpsteknik,Kyl- och värmepumpsteknik – installation,KYLKYC0
Kyl- och värmepumpsteknik,Kyl- och värmepumpsteknik – miljö och säkerhet,KYLKYH0
Kyl- och värmepumpsteknik,Kyl- och värmepumpsteknik – service,KYLKYV0
Lackeringsteknik,Baskurs i lackering,LACBAK0
Lackeringsteknik,Färg och dekorationslackering,LACFÄR0
Lackeringsteknik,Industriell lackering,LACINS0
Lackeringsteknik,Lackeringssystem,LACLAC0
Lackeringsteknik,Lackeringsteknik för tunga fordon,LACLAR0
Lackeringsteknik,Lackeringsteknik – applicering,LACLAK0
Lackeringsteknik,Lackeringsteknik – introduktion,LACLAE0
Lackeringsteknik,Produktionsflöden,LACPRD0
Lager och terminal,Lageradministration och terminallogistik,LAGLAG0
Lager och terminal,Lagerprocesser,LAGLAP0
Lager och terminal,Plocklagerhantering,LAGPLO0
Lantbruksdjur,Lantbruksdjur 1,LANLAN01
Lantbruksdjur,Lantbruksdjur 2,LANLAN02
Lantbruksdjur,Lantbruksdjur – specialisering,LANLAN00S
Larm och säkerhetsteknik,Brandlarmssystem,LARBRN0
Larm och säkerhetsteknik,CCTV-system,LARCCT0
Larm och säkerhetsteknik,Inbrottslarmssystem,LARINB0
Larm och säkerhetsteknik,"Larm-, övervaknings- och säkerhetssystem",LARLAM0
Larm och säkerhetsteknik,Passersystem,LARPAS0
Latin – språk och kultur,Latin – språk och kultur 1,LATLAT01
Latin – språk och kultur,Latin – språk och kultur 2,LATLAT02
Latin – språk och kultur,Latin – språk och kultur 3,LATLAT03
Ledarskap och organisation,Ledarskap och organisation,LEDLED0
Livsmedels- och näringskunskap,Livsmedels- och näringskunskap 1,LIVLIV01
Livsmedels- och näringskunskap,Livsmedels- och näringskunskap 2,LIVLIV02
Ljudproduktion,Film- och interaktiv ljudproduktion,LJUFIL0
Ljudproduktion,Ljudproduktion 1,LJULJU01
Ljudproduktion,Ljudproduktion 2,LJULJU02
Ljudproduktion,Radioproduktion,LJURAD0
Marin el och elektronik,Båtel 1,MAIBAT01
Marin el och elektronik,Båtel 2,MAIBAT02
Marin el och elektronik,Marinelektronik 1,MAIMAR01
Marin el och elektronik,Marinelektronik 2,MAIMAR02
Marin el och elektronik,Marinelektronik 3,MAIMAR03
Marin el och elektronik,Motorelektronik 1,MAIMOT01
Marin el och elektronik,Motorelektronik 2,MAIMOT02
Marinmotorteknik,Diagnos och reparation,MANDIA0
Marinmotorteknik,Intervallservice,MANINT0
Marinmotorteknik,Marinmotor – introduktion,MANMAR0
Marinmotorteknik,Nyinstallation,MANNYI0
Maskin- och lastbilsteknik,Anpassning och montering av utrustning,MASANP0
Maskin- och lastbilsteknik,Arbete från servicebil,MASARB0
Maskin- och lastbilsteknik,Komfortsystem,MASKOM0
Maskin- och lastbilsteknik,Lastbilar och utrustning,MASLAT0
Maskin- och lastbilsteknik,Lastbilsmonterad hydraulik och pneumatik,MASLAI0
Maskin- och lastbilsteknik,Maskin- och lastbilsteknik – introduktion,MASMAI0
Maskin- och lastbilsteknik,Mobil hydraulik 1,MASMOB01
Maskin- och lastbilsteknik,Mobil hydraulik 2,MASMOB02
Maskin- och lastbilsteknik,Mobila maskiner och utrustning,MASMOB0
Maskin- och lastbilsteknik,Reparation av lastbilar och mobila maskiner,MASREP0
Maskin- och lastbilsteknik,Styr- och övervakningssystem,MASSTY0
Maskintjänst,Maskinbefäl,MAKMAS0
Maskintjänst,Maskintjänst 1,MAKMAS01
Maskintjänst,Maskintjänst 2,MAKMAS02
Massage,Massage 1,MAAMAA01
Massage,Massage 2,MAAMAA02
Mat och butik,Mat och butik 1,MAOMAT01
Mat och butik,Mat och butik 2,MAOMAT02
Mat och butik,Mat och butik – specialisering,MAOMAT00S
Mat och dryck i kombination,Mat och dryck i kombination,MACMAT0
Matematik,Matematik 1a,MATMAT01a
Matematik,Matematik 1b,MATMAT01b
Matematik,Matematik 1c,MATMAT01c
Matematik,Matematik 2a,MATMAT02a
Matematik,Matematik 2b,MATMAT02b
Matematik,Matematik 2c,MATMAT02c
Matematik,Matematik 3b,MATMAT03b
Matematik,Matematik 3c,MATMAT03c
Matematik,Matematik 4,MATMAT04
Matematik,Matematik 5,MATMAT05
Matematik,Matematik – specialisering,MATMAT00S
Materialkunskap,Materialkunskap 1,MAEMAT01
Materialkunskap,Materialkunskap 2,MAEMAT02
Matlagningskunskap,Matlagning 1,MALMAL01
Matlagningskunskap,Matlagning 2,MALMAL02
Matlagningskunskap,Matlagning 3,MALMAL03
Matlagningskunskap,Matlagning 4,MALMAL04
Matlagningskunskap,Matlagning – specialisering,MALMAL00S
Matlagningskunskap,Specialkoster,MALSPE0
Medicin,Medicin 1,MEDMED01
Medicin,Medicin 2,MEDMED02
Medicinsk teknik,Elektromedicinsk teknik,MEIELE0
Medicinsk teknik,Gas- och vätsketeknik,MEIGAS0
Medicinsk teknik,Radiologiska utrustningar,MEIRAD0
Mediekommunikation,"Journalistik, reklam och information 1",MEEJOU01
Mediekommunikation,"Journalistik, reklam och information 2",MEEJOU02
Mediekommunikation,Textkommunikation,MEETET0
Medieproduktion,Medieproduktion 1,MEPMEI01
Medieproduktion,Medieproduktion 2,MEPMEI02
"Medier, samhälle och kommunikation","Medier, samhälle och kommunikation 1",MERMEE01
"Medier, samhälle och kommunikation","Medier, samhälle och kommunikation 2",MERMEE02
Mekatronik,Mekatronik 1,MEKMEK01
Mekatronik,Mekatronik 2,MEKMEK02
Mjukvarudesign,Mjukvarudesign,MJUMJU0
Mobila arbetsmaskiner,Bandschaktare,MOBBAN0
Mobila arbetsmaskiner,Grävmaskiner,MOBGRV0
Mobila arbetsmaskiner,Hjullastare,MOBHJU0
Mobila arbetsmaskiner,Teleskoplastare,MOBTEL0
Mobila arbetsmaskiner,Väghyvel,MOBVAG0
Moderna språk,Moderna språk 1,MODXXX01
Moderna språk,Moderna språk 2,MODXXX02
Moderna språk,Moderna språk 3,MODXXX03
Moderna språk,Moderna språk 4,MODXXX04
Moderna språk,Moderna språk 5,MODXXX05
Moderna språk,Moderna språk 6,MODXXX06
Moderna språk,Moderna språk 7,MODXXX07
Modersmål,Modersmål 1,MOEXXX01
Modersmål,Modersmål 2,MOEXXX02
Modersmål,Modersmål – aktiv tvåspråkighet,MOEMOD0
Motor- och röjmotorsåg,Motor- och röjmotorsåg 1,MOTMOT01
Motor- och röjmotorsåg,Motor- och röjmotorsåg 2,MOTMOT02
Mur- och putsverk,Mur- och putsverk 1 – grundmurar,MURMUR01
Mur- och putsverk,Mur- och putsverk 2 – murverk,MURMUR02
Mur- och putsverk,Mur- och putsverk 3 – puts,MURMUR03
Musik,Bruksspel och ackompanjemang,MUSBRU0
Musik,Ensemble 1,MUSENS01
Musik,Ensemble 2,MUSENS02S
Musik,Ensemble med körsång,MUSENS0
Musik,Ensembleledning och dirigering,MUSENE0
Musik,Instrument eller sång 1,MUSINS01S
Musik,Instrument eller sång 2,MUSINS02S
Musik,Instrument eller sång 3,MUSINS03S
Musik,Körsång 1,MUSKÖS01
Musik,Körsång 2,MUSKÖS02S
Musik,Musik,MUSMUS0
Musik,Musik för yrkesdansare,MUSMUK0
Musik,Musikimprovisation,MUSMUI0
Musik,Musikproduktion 1,MUSMUS01
Musik,Musikproduktion 2,MUSMUS02
Musik,Rytmik,MUSRYT0
Musikteori,Arrangering och komposition 1,MUIARA01
Musikteori,Arrangering och komposition 2,MUIARA02
Musikteori,Gehörs- och musiklära 1,MUIGEH01
Musikteori,Gehörs- och musiklära 2,MUIGEH02
Människan,Etik och människans livsvillkor,MÄNETI0
Människan,Internationellt arbete,MÄNINA0
Människan i industrin,Människan i industrin 1,MÄIMÄN01
Människan i industrin,Människan i industrin 2,MÄIMÄN02
Människans språk,Människans språk 1,MÄKMÄK01
Människans språk,Människans språk 2,MÄKMÄK02
Människans säkerhet,Människans säkerhet,MÄSMÄN0
"Mät-, styr- och reglerteknik",Distribuerade styrsystem,MÄTDIS0
"Mät-, styr- och reglerteknik",Mät- och reglerteknik,MÄTMÄT0
"Mät-, styr- och reglerteknik",Mät- och styrteknik,MÄTMÄO0
"Mät-, styr- och reglerteknik",Programmerbara styrsystem,MÄTPRR0
Måleri,Måleri 1,MARMAL01
Måleri,Måleri 2,MARMAL02
Måleri,Måleri 3,MARMAL03
Måleri,Måleri 4,MARMAL04
Måleri,Måleri 5,MARMAL05
Måleri,Måleri – dekorationstekniker,MARMAE0
Måleri,Måleri – äldre måleritekniker,MARMAR0
Måleri,Måleriprocessen,MARMAL0
Måltids- och branschkunskap,Branschkunskap inom restaurang och livsmedel,MÅTBRC0
Mönsterkonstruktion,Datoriserad mönsterhantering 1,MÖNDAT01
Mönsterkonstruktion,Datoriserad mönsterhantering 2,MÖNDAT02
Mönsterkonstruktion,Mönsterkonstruktion 1,MÖNMÖN01
Mönsterkonstruktion,Mönsterkonstruktion 2,MÖNMÖN02
Natur- och landskapsvård,Natur- och landskapsvård,NATNAT0
Naturbruk,Naturbruk,NAUNAU0
Naturbrukets byggnader,Byggnadsunderhåll,NARBYA0
Naturbruksteknik,Avverkningsmaskiner,NABAVV0
Naturbruksteknik,Fordon och redskap,NABFOR0
Naturbruksteknik,Lantbruksmaskiner 1,NABLAT01
Naturbruksteknik,Lantbruksmaskiner 2,NABLAT02
Naturbruksteknik,Lastmaskiner och truckar,NABLAA0
Naturbruksteknik,Skogsmaskiner – specialisering,NABSKO00S
Naturbruksteknik,Småskalig skogsteknik,NABSMÅ0
Naturbruksteknik,Terrängtransporter,NABTER0
Naturbruksteknik,Trädgårdsmaskiner,NABTRG0
Naturbruksteknik,Virkestransport med skotare,NABVIE0
Naturguidning,Guidning i naturbruksmiljöer,NAGGUD0
Naturguidning,Naturguidning 1,NAGNAT01
Naturguidning,Naturguidning 2,NAGNAT02
Naturkunskap,Naturkunskap 1a1,NAKNAK01a1
Naturkunskap,Naturkunskap 1a2,NAKNAK01a2
Naturkunskap,Naturkunskap 1b,NAKNAK01b
Naturkunskap,Naturkunskap 2,NAKNAK02
Naturvetenskaplig specialisering,Naturvetenskaplig specialisering,NAVNAT00S
Naturvetenskaplig spets inom försöksverksamhet med riksrekryterande gymnasial spetsutbildning,Naturvetenskaplig spets,NAENAT00S
Näthandel,Näthandel 1,NÄTNÄT01
Näthandel,Näthandel 2,NÄTNÄT02
Nätverksteknik,Administration av nätverks- och serverutrustning,NÄVADM0
Nätverksteknik,Nätverksadministration,NÄVNÄV0
Nätverksteknik,Nätverkssäkerhet,NÄVNÄE0
Nätverksteknik,Nätverksteknik,NÄVNÄR0
Nätverksteknik,Nätverksteknologier,NÄVNÄK0
Odling,Odling av djurfoder,ODLODL0
Odling,Odling – specialisering,ODLODL00S
Odling,Trädgårdsodling,ODLTRÅ0
Odling,"Trädgårdsodling – grönsaker, frukt och bär",ODLTRR0
Odling,Trädgårdsodling – plantskoleväxter,ODLTRS0
Odling,Växtodling 1,ODLVÄT01
Odling,Växtodling 2,ODLVÄT02
Odling i växthus,Odling i växthus 1,ODIODL01
Odling i växthus,Odling i växthus 2,ODIODL02
Odling i växthus,Odling i växthus – specialisering,ODIODI00S
Pedagogik,Aktivitetsledarskap,PEDAKI00S
Pedagogik,Barns lärande och växande,PEDBAS0
Pedagogik,Kommunikation,PEDKOU0
Pedagogik,Lärande och utveckling,PEDLÄR0
Pedagogik,Människors miljöer,PEDMÄI0
Pedagogik,Pedagogiska teorier och praktiker,PEDPED0
Pedagogik,Pedagogiskt ledarskap,PEDPEG0
Pedagogik i vård och omsorg,Socialpedagogik,PEASOC0
Pedagogik i vård och omsorg,Vårdpedagogik och handledning,PEAVÅD0
Pedagogiskt arbete,Dramapedagogik,PEGDRA0
Pedagogiskt arbete,Pedagogiskt arbete,PEGPEA0
Pedagogiskt arbete,Skapande verksamhet,PEGSKP0
Personbilsteknik,"Bromsar, kaross och chassi",PERBRO0
Personbilsteknik,Komfort- och säkerhetssystem 1a,PERKOM01a
Personbilsteknik,Komfort- och säkerhetssystem 1b,PERKOM01b
Personbilsteknik,Motor och kraftöverföring,PERMOT0
Personbilsteknik,Personbilsteknik – introduktion,PERPES0
Personbilsteknik,Reparation av personbilar och lätta transportfordon,PERREA0
Persontransporter,Persontrafik 1a,PESPER01a
Persontransporter,Persontrafik 1b,PESPER01b
Persontransporter,Persontrafik – vux,PESPER1
Persontransporter,Persontransporter – specialisering,PESPER00S
Persontransporter,Taxitrafik,PESTAX0
Plåtslageri,Plåtslageri – grunder,PLÅPLÅ0
Plåtslageri,Plåtslageriprocessen,PLÅPLS0
Plåtslageriteknik,Byggnadsplåtslageri 1,PLTBYG01
Plåtslageriteknik,Byggnadsplåtslageri 2,PLTBYG02
Plåtslageriteknik,Byggnadsplåtslageri 3,PLTBYG03
Plåtslageriteknik,Byggnadsplåtslageri 4,PLTBYG04
Plåtslageriteknik,Kulturplåtslageri,PLTKUU0
Plåtslageriteknik,Lättbyggnadsteknik,PLTLÄT0
Plåtslageriteknik,Plåtslageri – svetstekniker,PLTPLT0
Processautomation,Processdatorsystem,PROPRO0
Processautomation,Processmätteknik 1,PROPRC01
Processautomation,Processmätteknik 2,PROPRC02
Processautomation,Processreglering,PROPRE0
Produktionsfilosofi,Produktionsfilosofi 1,PRTPRO01
Produktionsfilosofi,Produktionsfilosofi 2,PRTPRO02
Produktionskunskap,Produktionskunskap 1,PRDPRO01
Produktionskunskap,Produktionskunskap 2,PRDPRO02
Produktionsutrustning,Industriell mätteknik – fördjupning,PRUINU0
Produktionsutrustning,Industriell mätteknik – grund,PRUIND0
Produktionsutrustning,Interna transporter,PRUINE00S
Produktionsutrustning,Produktionsutrustning 1,PRUPRD01S
Produktionsutrustning,Produktionsutrustning 2,PRUPRD02S
Produktionsutrustning,Produktionsutrustning 3,PRUPRD03S
Produktionsutrustning,Produktionsutrustning 4,PRUPRD04
Produktionsutrustning,Verktygskunskap,PRUVEY0
Produktutveckling,Produktutveckling 1,PRKPRK01
Produktutveckling,Produktutveckling 2,PRKPRK02
Programmering,Industriell programmering,PRRIND0
Programmering,Programmering 1,PRRPRR01
Programmering,Programmering 2,PRRPRR02
Psykiatri,Psykiatri 1,PSYPSY01
Psykiatri,Psykiatri 2,PSYPSY02
Psykiatri,Rättspsykiatri,PSYRÄS0
Psykiatri,Samhällsbaserad psykiatri,PSYSAM0
Psykologi,Psykologi 1,PSKPSY01
Psykologi,Psykologi 2a,PSKPSY02a
Psykologi,Psykologi 2b,PSKPSY02b
Religionskunskap,Religionskunskap 1,RELREL01
Religionskunskap,Religionskunskap 2,RELREL02
Religionskunskap,Religionskunskap – specialisering,RELREL0
Rennäring,Renen och dess naturmiljö 1,RENREN01
Rennäring,Renen och dess naturmiljö 2,RENREN02
Rennäring,Renen och rennäringen 1,RENREE01
Rennäring,Renen och rennäringen 2,RENREE02
Rid- och körkunskap,Körning 1,RIDKÖR01
Rid- och körkunskap,Körning 2,RIDKÖR02
Rid- och körkunskap,Ridning 1,RIDRID01
Rid- och körkunskap,Ridning 2,RIDRID02
Rid- och körkunskap,Ridning och körning,RIDRID0
Rid- och körkunskap,Trav 1,RIDTRA01
Rid- och körkunskap,Trav 2,RIDTRA02
Samernas kultur och historia,Samernas kultur och historia,SAESAM0
Samhällsbyggande,Byggnads- och installationsteknik,SAHBYG0
Samhällsbyggande,"Byggnads-, installations- och anläggningsteknik",SAHBYN0
Samhällsbyggande,Byggprocessen,SAHBYC0
Samhällsbyggande,Byggprocessens organisation,SAHBYP0
Samhällskunskap,Internationell ekonomi,SAMINE0
Samhällskunskap,Internationella relationer,SAMINR0
Samhällskunskap,Samhällskunskap 1a1,SAMSAM01a1
Samhällskunskap,Samhällskunskap 1a2,SAMSAM01a2
Samhällskunskap,Samhällskunskap 1b,SAMSAM01b
Samhällskunskap,Samhällskunskap 2,SAMSAM02
Samhällskunskap,Samhällskunskap 3,SAMSAM03
Samisk mat och matkultur,Samisk mat och matkultur,SASSAM0
Samiskt hantverk,Samisk hantverkskultur,SAISAM0
Samiskt hantverk,Samiskt hantverk 1,SAISAM01S
Samiskt hantverk,Samiskt hantverk 2,SAISAM02S
Samiskt hantverk,Samiskt hantverk 3,SAISAM03S
Samiskt hantverk,Samiskt hantverk 4,SAISAM04
Samiskt hantverk,Samiskt hantverk 5,SAISAM05
Sammanfogningsteknik,Kälsvets 1,SAAKÄL01S
Sammanfogningsteknik,Kälsvets 2,SAAKÄL02S
Sammanfogningsteknik,Rörsvets 1,SAARÖR01S
Sammanfogningsteknik,Rörsvets 2,SAARÖR02S
Sammanfogningsteknik,Sammanfogning,SAASAA0
Sammanfogningsteknik,Stumsvets 1,SAASTU01S
Sammanfogningsteknik,Stumsvets 2,SAASTU02S
Sammanfogningsteknik,Svets grund,SAASVT0
Serveringskunskap,Arrangemang,SERARR0
Serveringskunskap,Matsalshantverk,SERMAF0
Serveringskunskap,Servering 1,SERSER01
Serveringskunskap,Servering 2,SERSER02
Serveringskunskap,Servering – specialisering,SERSER0S
Service och bemötande,Service och bemötande 1,SEVSEV01
Service och bemötande,Service och bemötande 2,SEVSEV02
Serviceteknik – naturbruk,Serviceteknik – naturbruk 1,SEISEI01
Serviceteknik – naturbruk,Serviceteknik – naturbruk 2,SEISEI02
Serviceteknik – naturbruk,Serviceteknik – naturbruk – specialisering,SEISER00S
Sjukvård,Akutsjukvård,SJUAKU0
Sjukvård,Barn- och ungdomssjukvård,SJUBAR0
Sjukvård,Hemsjukvård,SJUHEM0
Sjukvård,Palliativ vård,SJULIN0
Sjukvård,Räddningsmedicin,SJURÄD0
Sjöfartssäkerhet,Grundläggande säkerhet,SJOGRN0
Sjöfartssäkerhet,Säkerhet och miljö,SJOSAE0
"Skog, mark och vatten",Fiske och vattenvård 1,SKOFIS01
"Skog, mark och vatten",Fiske och vattenvård 2,SKOFIS02
"Skog, mark och vatten",Jakt och viltvård 1,SKOJAK01
"Skog, mark och vatten",Jakt och viltvård 2,SKOJAK02
"Skog, mark och vatten",Jakt och viltvård – specialisering,SKOJAK00S
"Skog, mark och vatten",Mångbruk av skog,SKOMÅN0
Skogsproduktion,Skogsskötsel 1,SKGSKO01
Skogsproduktion,Skogsskötsel 2,SKGSKO02
Skogsproduktion,Skogsskötsel – specialisering,SKGSKG00S
Skogsproduktion,Virkeslära,SKGVIR0
Skogsproduktion,Virkesmätning,SKGVIK0
Skötsel av utemiljöer,Beskärning och trädvård,SKÖBEK0
Skötsel av utemiljöer,Skötsel av utemiljöer,SKÖSKÖ0
Skötsel av utemiljöer,Skötsel av utemiljöer – specialisering,SKÖSKÖ00S
Snöfordonsteknik,Pistmaskiner och utrustning,SNOPIM0
Snöfordonsteknik,Pistmaskinkörning,SNOPIS0
Snöfordonsteknik,Reparation av snöfordon,SNOREP0
Snöfordonsteknik,Reparation av snöskoter,SNOREE0
Snöfordonsteknik,Snöfordon – introduktion,SNOSNO0
Socialt arbete,Socialt arbete,SOCSOI0
Sociologi,Etnicitet och kulturmöten,SOIETN0
Sociologi,Sociologi,SOISOO0
Sociologi,Ungdomskulturer,SOIUNG0
Specialidrott,Idrottsledarskap,SPEIDT0
Specialidrott,Idrottsspecialisering 1,SPEIDS01
Specialidrott,Idrottsspecialisering 2,SPEIDS02
Specialidrott,Idrottsspecialisering 3,SPEIDS03
Specialidrott,Tränings- och tävlingslära 1,SPETRÄ01
Specialidrott,Tränings- och tävlingslära 2,SPETRÄ02
Specialidrott,Tränings- och tävlingslära 3,SPETRÄ03
Specialpedagogik,Specialpedagogik 1,SPCSPE01
Specialpedagogik,Specialpedagogik 2,SPCSPE02
Språk specialisering,Språk specialisering – retorik 1a,SPAXXX01a
Språk specialisering,Språk specialisering – retorik 1b,SPAXXX01b
Språk specialisering,Språk specialisering – skrivande,SPAXXX0
Spårfordonsteknik,Digitalteknik och programmering,SPFDIG0
Spårfordonsteknik,Drivsystem och bromsar,SPFDRI0
Spårfordonsteknik,Felsökning och diagnos 1,SPFFEL01
Spårfordonsteknik,Felsökning och diagnos 2,SPFFEL02
Spårfordonsteknik,Inredning och komfort 1,SPFINR01
Spårfordonsteknik,Inredning och komfort 2,SPFINR02
Spårfordonsteknik,Kommunikationssystem,SPFKOM0
Spårfordonsteknik,Korg och boggi,SPFKOR0
Spårfordonsteknik,Spårbundna fordon – introduktion,SPFSPA0
Spårfordonsteknik,Styr- och säkerhetssystem,SPFSTY0
Stycknings- och charkuterikunskap,Charkuteri 1,STYCHA01
Stycknings- och charkuterikunskap,Charkuteri 2,STYCHA02
Stycknings- och charkuterikunskap,Charkuteri 3,STYCHA03
Stycknings- och charkuterikunskap,Charkuteri 4,STYCHA04
Stycknings- och charkuterikunskap,Charkuteri – specialisering,STYCHA00S
Stycknings- och charkuterikunskap,Finstyckning,STYFIN0
Stycknings- och charkuterikunskap,Styckning 1,STYSTY01
Stycknings- och charkuterikunskap,Styckning 2,STYSTY02
Stycknings- och charkuterikunskap,Styckning 3,STYSTY03
Stycknings- och charkuterikunskap,Styckning 4,STYSTY04
Stycknings- och charkuterikunskap,Styckning – specialisering,STYSTY00S
Support och servicearbete,Kundmottagning och reservdelshantering,SUPKUN0
Support och servicearbete,Service och reparationsarbete,SUPSER0
Support och servicearbete,Support och hemservice,SUPSUP0
Svenska,Litteratur,SVELIT0
Svenska,Retorik,SVERET0
Svenska,Skrivande,SVESKR0
Svenska,Svenska 1,SVESVE01
Svenska,Svenska 2,SVESVE02
Svenska,Svenska 3,SVESVE03
Svenska för döva,Svenska för döva 1,SVNSVN01
Svenska för döva,Svenska för döva 2,SVNSVN02
Svenska för döva,Svenska för döva 3,SVNSVN03
Svenska som andraspråk,Svenska som andraspråk 1,SVASVA01
Svenska som andraspråk,Svenska som andraspråk 2,SVASVA02
Svenska som andraspråk,Svenska som andraspråk 3,SVASVA03
Svenskt teckenspråk,Svenskt teckenspråk - aktiv tvåspråkighet,SVKSVE0
Svenskt teckenspråk,Svenskt teckenspråk 1,SVKSVK01
Svenskt teckenspråk,Svenskt teckenspråk 2,SVKSVK02
Svenskt teckenspråk för hörande,Svenskt teckenspråk för hörande 1,SVTSVT01
Svenskt teckenspråk för hörande,Svenskt teckenspråk för hörande 2,SVTSVT02
Svenskt teckenspråk för hörande,Svenskt teckenspråk för hörande 3,SVTSVT03
Svenskt teckenspråk för hörande,Svenskt teckenspråk för hörande 4,SVTSVT04
Svenskt teckenspråk för hörande,Svenskt teckenspråk för hörande 5,SVTSVT05
Svenskt teckenspråk för hörande,Svenskt teckenspråk för hörande 6,SVTSVT06
Svenskt teckenspråk för hörande,Svenskt teckenspråk för hörande 7,SVTSVT07
Systemkunskap,Injusteringsteknik,SYSINJ0
Systemkunskap,Systemuppbyggnad,SYSSYT0
Systemkunskap,Värmelära,SYSVÄM0
Teater,Dramatik och dramaturgi,TEADRM0
Teater,Fysisk teater,TEAFYS0
Teater,Ljud och ljus,TEALJU00S
Teater,Regi,TEAREG0
Teater,Röst,TEARÖS0
Teater,Scenisk gestaltning 1,TEASCE01
Teater,Scenisk gestaltning 2,TEASCE02
Teater,Scenisk gestaltning 3,TEASCE03
Teater,Sceniskt karaktärsarbete,TEASCI0
Teater,Sceniskt karaktärsarbete – text,TEASCN0
Teater,"Scenografi, mask och kostym",TEASCE00S
Teater,Teaterteori,TEATEA0
Teknik,Teknik 1,TEKTEK01
Teknik,Teknik 2,TEKTEK02
Teknik,Teknik – specialisering,TEKTEK00S
Teknik i vård och omsorg,Teknik i vård och omsorg,TENTEK0
Teknisk isolering,Brand- och ljudisolering,TEIBRA0
Teknisk isolering,Industriisolering,TEIINT0
Teknisk isolering,Kondensisolering,TEIKOD0
Teknisk isolering,VVS-isolering,TEIVVS0
Teknisk isolering,Ytbeklädnad – grund,TEIYTB0
Tillverkningsunderlag,Tillverkningsunderlag 1,TILTIL01
Tillverkningsunderlag,Tillverkningsunderlag 2,TILTIL02
Transportteknik,Fordonskombinationer – godstransporter,TRAFOR0
Transportteknik,Fordonskombinationer – persontransporter,TRAFOD0
Transportteknik,Yrkestrafik 1a,TRAYRK01a
Transportteknik,Yrkestrafik 1b,TRAYRK01b
Transportteknik,Yrkestrafik – vux,TRAYRK1
Trä,Bygga i trä,TRÄBYG0
Trä,Timring,TRÄTIM0
Trä,Trä 1 – stommar,TRÄTRK01
Trä,Trä 2 – beklädnad,TRÄTRK02
Trä,Trä 3 – montage,TRÄTRK03
Trädgårdsanläggning,Trädgårdsanläggning 1,TRDTRÄ01
Trädgårdsanläggning,Trädgårdsanläggning 2,TRDTRÄ02
Trädgårdsanläggning,Trädgårdsanläggning – specialisering,TRDTRÄ00S
Träningslära,Träningslära 1,TRNTRN01
Träningslära,Träningslära 2,TRNTRN02
Turism,Aktiviteter och upplevelser,TURAKT0
Turism,Besöksnäringen,TURBEÖ0
Turism,Guide och reseledare,TURGUI0
Turism,Hållbar turism,TURHÅL0
Turism,Marknadsföring och försäljning,TURMAS0
Turism,Reseproduktion och försäljning,TURRES0
Turism,Resmål och resvägar,TURREM0
Turism,Turistbyråservice,TURTUR0
Turism,Värdskap på resmålet,TURVÄR0
Tätskikt våtrum,Tätskikt våtrum,TÄTTÄT0
Utställningsdesign,Utställningsdesign 1,UTSUTS01
Utställningsdesign,Utställningsdesign 2,UTSUTS02
Utställningsdesign,Utställningsdesign 3,UTSUTS03S
VVS-teknik,Entreprenadteknik,VVSENT0
VVS-teknik,Sanitetsteknik 1,VVSSAN01
VVS-teknik,Sanitetsteknik 2,VVSSAN02
VVS-teknik,VVS TIG-svetsning rör,VVSVVI0
VVS-teknik,VVS gassvetsning rör,VVSVVG0
VVS-teknik,VVS svets industrirör,VVSVVV0
VVS-teknik,VVS svets och lödning rör,VVSVVS0
VVS-teknik,VVS-teknik,VVSVVT0
VVS-teknik,Värmeteknik 1,VVSVÄR01
VVS-teknik,Värmeteknik 2,VVSVÄR02
Vatten- och miljöteknik,Dricksvatten,VATDRI0
Vatten- och miljöteknik,Rening av förorenat vatten,VATREN0
Vatten- och miljöteknik,Vatten- och miljöteknik,VATVAT0
Vatten- och miljöteknik,Vattenreningens mikrobiologi,VATVAR0
Vattenbruk,Fiskodling 1,VANFIS01
Vattenbruk,Fiskodling 2,VANFIS02
Vattenbruk,Vattenbruk – grunder,VANVAT0
Vattenbruk,Vattenbruk – specialisering,VANVAE00S
Vattenkraftteknik,"Drift, underhåll, säkerhet och miljö",VAEDRT0
Vattenkraftteknik,Generatorer och transformatorer,VAEGEN0
Vattenkraftteknik,"Hydraulik, kraftstationshydraulik och turbiner",VAEHYD0
Vattenkraftteknik,Kontrollanläggningar,VAEKOR0
Vattenkraftteknik,Vattenkraftstationer,VAEVAN0
Ventilationsplåtslageri,Ventilationsisolering,VENVET0
Ventilationsplåtslageri,Ventilationsmontering 1,VENVEN01
Ventilationsplåtslageri,Ventilationsmontering 2,VENVEN02
Ventilationsplåtslageri,Ventilationsplåtslageri 1,VENVET01
Ventilationsplåtslageri,Ventilationsplåtslageri 2,VENVET02
Ventilationsplåtslageri,Ventilationsservice,VENVEI0
Ventilationsteknik,Luftbehandling,VETLUF0
Ventilationsteknik,Luftbehandlingsanläggningar,VETLUT0
Ventilationsteknik,Luftbehandlingssystem,VETLUB0
Ventilationsteknik,Luftströmning,VETLUS0
Ventilationsteknik,Ventilationsteknik – injustering,VETVEL0
Verktygs- och materialhantering,Verktygs- och materialhantering,VEKVEK0
Visuell kommunikation,Visuell kommunikation,VISVIS0
Växtkunskap,Växtkunskap 1,VÄXVÄX01
Växtkunskap,Växtkunskap 2,VÄXVÄX02
Växtkunskap,Växtkunskap – fastighetsskötsel,VÄXVÄK0
Vård och omsorg,Vård- och omsorgsarbete 1,VÅRVÅR01
Vård och omsorg,Vård- och omsorgsarbete 2,VÅRVÅR02
Vård och omsorg specialisering,Vård och omsorg – specialisering,VADVAR00S
Webbteknik,Webbserverprogrammering 1,WEBWEB01
Webbteknik,Webbserverprogrammering 2,WEBWEB02
Webbteknik,Webbutveckling 1,WEBWEU01
Webbteknik,Webbutveckling 2,WEBWEU02
Webbteknik,Webbutveckling 3,WEBWEU03
Yttre miljö,Yttre miljö – anläggningar,YTTYTT0
Yttre miljö,Yttre miljö – maskiner och verktyg,YTTYTR0